k,average delay in queue,average number in queue,server utilization,time the simulation ended
0.5,0.6239518009625041,0.655753284016141,0.5351673529489408,951.5038905198161
0.6,0.7776009190774764,0.8077593314988746,0.6195510493688572,962.6641113938773
0.7,1.7662272564059533,1.7647992089019409,0.6979747643609021,1001.0255316647889
0.8,2.3091846111401804,2.2605987377951253,0.7625225293628667,1021.4924800818233
0.9,5.076063424132358,5.153794891238125,0.8573988309815544,1005.0141473208258
